<?xml version="1.0" encoding="utf-8" standalone="yes"?>
<rss version="2.0" xmlns:atom="http://www.w3.org/2005/Atom">
  <channel>
    <title>Thundercoins Gioco Online | Slot Avvincente in Italia on Thunder Coin</title>
    <link>https://thundercoins.it/responsible-gaming/</link>
    <description>Recent content in Thundercoins Gioco Online | Slot Avvincente in Italia on Thunder Coin</description>
    <generator>Hugo</generator>
    <language>it</language>
    <lastBuildDate></lastBuildDate>
    <atom:link href="https://thundercoins.it/responsible-gaming/index.xml" rel="self" type="application/rss+xml" />
  </channel>
</rss>
